{
  "counters": {
    "docsQueued": 20,
    "docsProcessed": 18,
    "docsErrored": 2,
    "ocrTimeouts": 0,
    "ocrFailures": 2,
    "apiErrorsUser": 0,
    "apiErrorsExternal": 0,
    "apiErrorsSystem": 0
  },
  "extractionLatencyMs": [
    39.64799999999997,
    18.071665999999993,
    103713.81241700001,
    35953.91541699995,
    37078.81270899996,
    36883.257375000045,
    35771.069832999725,
    37623.068833,
    35653.69412499992,
    37498.717875,
    36143.561042
  ],
  "confidenceSamples": [
    5.25,
    5.25,
    5.25,
    5.25,
    5.25,
    5.25,
    5.25,
    5.25,
    5.25
  ]
}