{
  "counters": {
    "docsQueued": 62,
    "docsProcessed": 41,
    "docsErrored": 11,
    "ocrTimeouts": 1,
    "ocrFailures": 10,
    "apiErrorsUser": 0,
    "apiErrorsExternal": 0,
    "apiErrorsSystem": 0,
    "pdfModelsBuilt": 0,
    "ocrQueueWaitSamples": 61,
    "ocrQueueWait_lt1s": 61
  },
  "extractionLatencyMs": [
    93.71562500000005,
    38.99170800000002,
    20116.340051,
    12727.625255000006,
    31265.766764,
    60060.220944,
    64.92466599999898,
    8.307208000001992,
    19.997208000000683,
    5.550374999998894,
    15.284583000000566,
    16.31258300000627,
    16.213000000003376,
    11.483666000000085,
    1732.8941259999992,
    16308.194048999998,
    16747.411466000005,
    64091.11757099998,
    63897.248737,
    43075.63962500001,
    44232.071916999965,
    19182.471500000043,
    82830.86066700003,
    103113.57949999996,
    30787.236042000004,
    104400.98024999996,
    94633.70945900003,
    35658.715792,
    102853.18245800002,
    75982.63712500001,
    42455.85158299998,
    78545.00012500002,
    66710.89841700002,
    33694.13362500002,
    71248.88670799998,
    51254.495291,
    85667.25829200004,
    69833.29466700001,
    47155.544250000035,
    13151.25779100007,
    96407.33670800005,
    80891.01883399999,
    48388.59695899999,
    90244.86924999999,
    81319.97495900001,
    38532.606458000024,
    66671.59695899999,
    15981.087915999931,
    54901.387624999974,
    84023.04162499995,
    73374.84945899993,
    57764.373875000005
  ],
  "confidenceSamples": [
    3,
    5.25,
    3,
    0,
    2,
    2,
    2.75,
    4,
    2.5,
    4,
    4,
    3.75,
    1.75,
    2,
    2.75,
    3.75,
    2,
    1.75,
    2,
    3,
    4.75,
    2,
    5.25,
    3.75,
    5.75,
    1,
    3.75,
    5.25,
    4,
    1,
    0,
    5.25,
    3.25,
    1.75,
    4.5,
    4.25,
    5.25,
    3.75,
    3.75,
    2.75,
    4.5
  ],
  "pdfModelMissingCounts": []
}