{
  "counters": {
    "docsQueued": 1165,
    "docsProcessed": 541,
    "docsErrored": 375,
    "ocrTimeouts": 34,
    "ocrFailures": 341,
    "apiErrorsUser": 0,
    "apiErrorsExternal": 0,
    "apiErrorsSystem": 0,
    "pdfModelsBuilt": 0,
    "ocrQueueWaitSamples": 1016,
    "ocrQueueWait_lt1s": 1015,
    "ocrQueueWait_ge15s": 1
  },
  "extractionLatencyMs": [
    173235.62266700016,
    301691.7904160004,
    301680.3333330001,
    154614.69787500007,
    61452.115124999546,
    301371.88104100013,
    301707.6467499994,
    301711.0687919995,
    42588.967167000286,
    301627.87158400007,
    132608.48408399988,
    301728.5317080002,
    85613.24783299863,
    85750.34295900166,
    181346.26620800048,
    187702.63304200023,
    1361466.9665420018,
    1190536.5210420005,
    1180338.5566250011,
    1173550.6401250027,
    999122.519791998,
    999122.9921670035,
    999123.143415995,
    999123.3928750008,
    853173.5986250043,
    853173.8372910023,
    853173.9560410008,
    853174.0548750013,
    1116604.6225830019,
    1116605.2325830013,
    1116605.4282499999,
    1116605.7250420004,
    1021275.705249995,
    1021275.9219169989,
    1021275.9958340004,
    1021276.4340419993,
    1033878.4405839965,
    1033880.8373750001,
    1033881.1727089956,
    1033881.4209580049,
    938822.7291250005,
    938822.7724590003,
    938822.8550829962,
    938822.9380830005,
    93646.29083299637,
    174576.4659589976,
    81517.83574999869,
    185381.15658301115,
    102888.54762500525,
    300823.290041998,
    121517.06499999762,
    147154.6972080022,
    174889.87233300507,
    306532.37070800364,
    85986.76554200053,
    155556.71320800483,
    301384.28595900536,
    168869.14820799232,
    102388.12379099429,
    93565.80041600764,
    113300.39258399606,
    62648.32950000465,
    55189.84362499416,
    31321.22154098749,
    26265.622957989573,
    10529.039833009243,
    301315.20404200256,
    29201.87937501073,
    10991.6773339957,
    13888.032582998276,
    188156.013500005,
    16074.579415991902,
    142263.0320829898,
    8784.167041003704,
    78826.94525000453,
    122364.21716599166,
    200361.75616699457,
    211740.81704199314,
    287212.47474999726,
    301267.72433300316,
    118302.74712501466,
    161588.87112499774,
    114907.87679100037,
    175134.51783400774,
    233189.82333299518,
    163854.06379199028,
    67692.52583399415,
    125408.93400000036,
    198630.74308300018,
    300950.1086670011,
    183815.3237079978,
    168441.13233299553,
    195534.78095799685,
    301017.9494160116,
    88940.42654199898,
    81062.43804199994,
    77803.81116700172,
    177165.19791699946,
    67877.0540420115,
    301228.84808298945,
    94167.5819170028,
    203731.45237500966,
    39997.56450000405,
    61671.75100000203,
    70586.5753339976,
    35046.76254200935,
    55317.010708004236,
    23597.31166599691,
    207803.23179198802,
    151409.3486250043,
    115774.1440000087,
    152003.65524999797,
    187154.7979169935,
    301085.8889579922,
    65216.78550000001,
    209657.851625,
    252160.007291,
    194171.4505,
    301026.937708,
    301249.615292,
    273453.46470899996,
    238882.53945800004,
    300856.15737499995,
    218905.36974999995,
    126224.584875,
    301136.268291,
    300913.62925,
    301188.4095,
    210211.10220800003,
    301862.91395899997,
    301868.599417,
    306869.25995800004,
    301872.406667,
    301760.523375,
    301757.9793339999,
    301762.78145799995,
    301830.56924999994,
    301764.76358400006,
    301756.00295799994,
    301765.0240829999,
    301759.16583399987,
    300964.022875,
    301195.37183300004,
    300746.15449999995,
    301015.645959,
    268450.268292,
    301647.820333,
    301648.42449999996,
    301660.22925000003,
    301029.352917,
    301269.138292,
    300805.26066699997,
    301070.095375,
    260637.82695900003,
    301501.66716600006,
    301502.09937499993,
    301504.24479200004,
    301138.730541,
    301352.186417,
    301351.788958,
    301353.41983300005,
    300983.247333,
    301221.775458,
    300764.684042,
    301037.08537499997,
    301807.43991699995,
    301808.561083,
    301809.48633300007,
    301812.081208,
    301028.792958,
    301271.14483400004,
    300806.54291699996,
    301082.69037500006,
    251435.012917,
    301763.461917,
    301763.9787499999,
    301768.212209,
    301430.1971659999,
    301710.31895800005,
    301710.4153750001,
    301698.20574999996,
    301290.46725,
    301227.8335840001,
    301216.608,
    301236.9630829999,
    300976.596416,
    301212.8125,
    300759.40608299995,
    301023.114375,
    301547.847666,
    301547.95287499996,
    301548.34058300004,
    301560.04737499997,
    301175.42316699994,
    301176.560791,
    301182.285333,
    301171.973416,
    301189.569459,
    301190.0453329999,
    301190.57525,
    301192.50462500006,
    217965.27300000004,
    301159.043208,
    301158.7033749998,
    301166.60849999986,
    268963.2657920001,
    301382.4708749999,
    301383.22562499996,
    301380.408542,
    301337.26445799996,
    238292.36637499998,
    278855.48145900015,
    94628.05137500004,
    301374.97866699984,
    24460.535417000297,
    87251.23675000016,
    235822.74291700032,
    301637.5653329999,
    301184.74875000026,
    301486.29516700003,
    301105.186958,
    301359.529083,
    300883.557708,
    301151.30337499996,
    301602.87229100004,
    301605.90083299996,
    301606.55308299995,
    301609.00508299994,
    301656.3060829999,
    301657.22945900005,
    301658.0475,
    301656.39041700005,
    301807.22875,
    301807.912041,
    301808.40529100003,
    301801.41116600006,
    301786.95033399994,
    301788.74187500007,
    301790.00175000005,
    301781.72612500004,
    301311.067666,
    301326.7030829999,
    301328.6880000001,
    301304.39616600005,
    255134.88129099994,
    301285.4684169998,
    301263.8244159997,
    301263.63395799976,
    73661.99979199981,
    301064.83712499996,
    301301.178125,
    300842.91233300004,
    301092.03495799995,
    301239.628458,
    301239.45783299993,
    301239.57925,
    301253.732792,
    301338.634125,
    301340.7485420001,
    301340.78083299997,
    301338.443833,
    301423.8752909999,
    301424.89737500006,
    301425.5423750001,
    301424.60745899996,
    300952.49079199997,
    301204.37675,
    300728.493125,
    301001.8105,
    278685.005167,
    301746.159125,
    301749.896375,
    301750.67787500005,
    301278.21825000015,
    301259.41875000007,
    301260.141375,
    301266.3192919999,
    301614.9268329998,
    301644.407625,
    301641.1685840001,
    301639.4309159999,
    222062.91033400013,
    301506.4850000001,
    301468.28949999996,
    301473.4614169998,
    151888.30220799986,
    300981.888792,
    301218.65741600003,
    300764.02158299997,
    301031.58779099997,
    301645.43583300005,
    301644.69712500006,
    301653.06258400006,
    306673.515875,
    301457.630042,
    301459.478583,
    301451.977542,
    301418.22716600006,
    301039.59020900005,
    301278.964958,
    300821.032792,
    301077.52125,
    264789.892458,
    175278.354958,
    301098.442167,
    301354.488708,
    300857.831458,
    105637.67037499999,
    191302.079792,
    301175.63854099996,
    149786.67416700005,
    127603.061333,
    178139.90095799998,
    301334.36008300004,
    161299.31329199998,
    42212.00025,
    92198.063375,
    117244.00141699999,
    44930.15416600002,
    246405.76679200004,
    70845.56554099999,
    91843.37308300001,
    156485.351166,
    119657.12783300004,
    96790.66687500005,
    54103.52937500004,
    87447.14329199994,
    114326.827667,
    101377.97166599997,
    51824.506417000084,
    73778.63533299998,
    49869.936916999985,
    65430.906582999974,
    41611.00779099995,
    41737.63908300002,
    36146.68991700001,
    34012.97112500004,
    20590.126624999917,
    11512.118000000017,
    26698.80470800004,
