{
  "counters": {
    "docsQueued": 105,
    "docsProcessed": 94,
    "docsErrored": 2,
    "ocrTimeouts": 0,
    "ocrFailures": 2,
    "apiErrorsUser": 0,
    "apiErrorsExternal": 0,
    "apiErrorsSystem": 0,
    "pdfModelsBuilt": 0,
    "ocrQueueWaitSamples": 105,
    "ocrQueueWait_lt1s": 105
  },
  "extractionLatencyMs": [
    49.56458300000003,
    19.552415999999994,
    44628.709333000006,
    62593.52995799994,
    37683.04129099997,
    84701.65479199996,
    101315.9238750001,
    31572.312917000032,
    80347.13712500001,
    111705.44287500007,
    112763.07866700005,
    81229.55745800002,
    64591.69958399993,
    81152.33491700003,
    53911.779582999996,
    51544.8059589999,
    36234.23658399994,
    84416.30708299996,
    58425.55604100006,
    89998.6324169999,
    44927.86049999995,
    49534.462165999925,
    16239.83920799999,
    133628.55645799998,
    104390.24708299991,
    37715.109042000026,
    96638.22999999998,
    38468.28479199996,
    14414.1810829998,
    143325.09520799993,
    92506.32774999994,
    71020.74220800004,
    100637.42554100009,
    89705.90495800017,
    21238.362917000002,
    43852.25037500006,
    63735.432708000066,
    37844.23525000003,
    83260.77145800006,
    101019.64991699997,
    34587.38783400005,
    81435.44883299991,
    113648.92212500004,
    115317.42908400006,
    80722.00179199991,
    65145.66250000009,
    86563.35720800003,
    56639.02450000006,
    50249.9901670001,
    34902.25124999997,
    59005.92995800008,
    84303.31124999991,
    87637.6655,
    44752.40345799993,
    50895.62779200007,
    14578.280458000023,
    137611.13145800005,
    104344.31429200002,
    34816.23495899991,
    99558.69183300005,
    39082.5302080001,
    13726.761582999956,
    145287.51233300008,
    95073.88804200012,
    72216.54425000004,
    101374.82208299998,
    92970.09795899992,
    10540.523707999848,
    20242.086,
    39165.576458,
    70268.25233300001,
    88576.26925,
    32216.378666999997,
    111314.499208,
    129883.33679100001,
    63854.93591599999,
    114918.08249999999,
    67315.80670799999,
    71308.62266700002,
    16411.879875,
    37115.716416,
    58816.671291,
    17993.324541,
    39531.41675,
    68884.12062500001,
    82672.793833,
    13106.776582999999,
    71715.52375,
    87283.967042,
    93252.358875,
    16806.758958,
    38180.01625,
    61993.811583999995,
    16196.790667000001,
    41499.228375000006,
    66617.52991699999
  ],
  "confidenceSamples": [
    2,
    3,
    5.25,
    2.75,
    2.75,
    1,
    3.5,
    3.75,
    2.75,
    1,
    1,
    2,
    3.75,
    2.5,
    3.25,
    4.25,
    5.25,
    4,
    5.25,
    4.25,
    2,
    2.25,
    2,
    3.25,
    2.75,
    3,
    5.25,
    4.25,
    3.25,
    3.75,
    3.75,
    2,
    3,
    2,
    3,
    5.25,
    2.75,
    2.75,
    1,
    3.5,
    3.75,
    2.75,
    1,
    1,
    2,
    3.75,
    2.5,
    3.25,
    5.25,
    4.25,
    4,
    5.25,
    4.25,
    2,
    2.25,
    2,
    3.25,
    2.75,
    3,
    5.25,
    4.25,
    3.25,
    3.75,
    3.75,
    2,
    3.25,
    5.25,
    2,
    2.75,
    2.75,
    1,
    3.5,
    3.75,
    1,
    2.75,
    1,
    2,
    5.25,
    2,
    2.75,
    5.25,
    2,
    2.75,
    2.75,
    5.25,
    2.75,
    2.75,
    3.75,
    5.25,
    2,
    2.75,
    5.25,
    2,
    2.75
  ],
  "pdfModelMissingCounts": []
}