{
  "counters": {
    "docsQueued": 407,
    "docsProcessed": 186,
    "docsErrored": 59,
    "ocrTimeouts": 33,
    "ocrFailures": 26,
    "apiErrorsUser": 0,
    "apiErrorsExternal": 0,
    "apiErrorsSystem": 0,
    "pdfModelsBuilt": 0,
    "ocrQueueWaitSamples": 290,
    "ocrQueueWait_lt1s": 290
  },
  "extractionLatencyMs": [
    13.389749999999992,
    3.3643749999999955,
    3.97950000000003,
    161097.91145800002,
    154546.099083,
    188112.315875,
    96382.66175000003,
    192763.0215,
    187887.490333,
    98341.05875000003,
    198584.423333,
    193449.40991699998,
    195831.27633400005,
    195381.82683400018,
    193025.14166700002,
    192447.6915,
    239250.682916,
    73337.28833399992,
    311694.71354200004,
    900009.856375,
    241086.139083,
    739515.1188340001,
    235468.29970800015,
    65580.0239589999,
    900012.8265839997,
    5416598.887875,
    1853724.2235829988,
    1045749.6800000016,
    1025150.3614169993,
    1620374.048083,
    996627.5312089995,
    949831.0722090006,
    958577.0467499997,
    1061816.8843330014,
    240227.438416,
    257176.42174999998,
    235739.09212500008,
    741307.615917,
    66448.01937500015,
    738710.4298330001,
    241582.39283300005,
    470078.7665,
    470319.19637499994,
    240663.9285840001,
    305201.147917,
    312799.740167,
    534196.3068329999,
    543300.1588329999,
    547528.1871669999,
    551710.2085000001,
    600013.914208,
    600002.704292,
    600004.014958,
    600003.726208,
    600009.273625,
    600003.034625,
    600010.089167,
    600004.1200829999,
    600004.7962089999,
    600005.2929169999,
    546134.194875,
    546821.3741670001,
    575397.911292,
    600013.04025,
    600003.2362919999,
    600001.81,
    138401.92366700002,
    600056.8222079999,
    564635.7772499999,
    600005.1373749999,
    600054.853625,
    600004.5827500001,
    600010.2397500001,
    1430415.3691250002,
    1430637.502625,
    938062.5614589998,
    938066.2667500002,
    929807.068916,
    929806.3852920001,
    1080816.419125,
    1080816.3809170006,
    1827924.9315,
    1827925.4373749997,
    965936.6406660005,
    965939.5903340001,
    292392.87025,
    499793.908667,
    63355.001624999975,
    387120.26441699994,
    414610.280666,
    125709.8945419999,
    428516.69637499994,
    363059.71470799996,
    635558.9975410001,
    344032.4429580001,
    360886.40354099986,
    316631.89770900016,
    117830.36116700014,
    410815.584958,
    488492.39625,
    65478.06891699997,
    394663.07208300004,
    415064.22412499995,
    156221.63825000002,
    93158.486125,
    475226.97062499996,
    593248.387083,
    364544.11820799997,
    847108.178167,
    504375.17358299997,
    515518.7363339998,
    786171.87525,
    810630.6523749998,
    301881.736916,
    486644.348,
    369481.57954099996,
    64268.471208999865,
    383272.5470830002,
    433158.0380830001,
    300542.57770900003,
    483744.91245899996,
    365819.13141699997,
    64550.42854200001,
    378498.4509999999,
    424438.703917,
    130424.96870900015,
    371690.6173329996,
    661664.9887089999,
    355682.5342079997,
    366916.7934170002,
    328263.52137499955,
    136247.89508299995,
    426355.3337499993,
    1992755.60975,
    1801431.676041,
    1801636.800125,
    251093.53491699975,
    1376814.90675,
    2338685.7713329997,
    2084889.2292090002,
    2043044.4991660006,
    1990359.5133329984,
    2126975.473167002,
    2019994.3273750022,
    2139951.2177910022,
    2538062.984875001,
    3051602.2799170017,
    642671.3930419981,
    319607.5028330004,
    429727.2137500001,
    327112.3102500001,
    54735.46283300035,
    338009.8234580001,
    263578.3245420004,
    370882.0029170001,
    109238.85966600012,
    575965.3823330002,
    295220.012,
    639440.404958,
    33412646.896292,
    199317.68991699815,
    220900.83145800233,
    313737.4281670004,
    85016.81912499666,
    275393.0518329963,
    297818.147541,
    372242.480208,
    283455.48225,
    195221.062791,
    201056.197167,
    33589.264167,
    197790.549417,
    602935.426625,
    153700.32154200002,
    34425.05425,
    335103.22825,
    203795.0252090022,
    196809.99466599524,
    315785.9913749993,
    153693.98962499946,
    558186.0889169946,
    287393.739666,
    152743.76354200393,
    32754.209207996726,
    169679.8262500018,
    278986.09804199636,
    196518.51099999994,
    554638.4228329957,
    174658.1750420034,
    219187.98879100382,
    36013.19375,
    200106.021,
    332256.579583,
    155438.751084,
    230346.550667,
    198716.799667,
    334773.00404100004,
    157143.716167,
    831462.3615000001,
    1296962.0238749997,
    43136.84054100001,
    449326.49124999996,
    1130182.2419579998,
    904594.4188330006,
    514778.18004199956,
    2197054.7725839997,
    575382.6825839989,
    286017.948875,
    198162.813875,
    333146.56299999997,
    156904.1403340001,
    566240.6187090001,
    297840.8413750001,
    154749.27666600002,
    35619.72325000004,
    174698.9031250002,
    188324.4889999996,
    207211.90179200005,
    35158.786167,
    201454.85325000001,
    336020.713625,
    155103.77116699994,
    581823.9148339999,
    297246.10108399997,
    155758.55979199987,
    172960.7486660001,
    285570.48066699994,
    190015.79158299975,
    10951321.671750002,
    7450993.859416001,
    168809.32462500036,
    215691.0152500011,
    168100.0685419999,
    193723.55970900133,
    317307.48220799863,
    148051.5584160015,
    566435.6064170003,
    307455.08670799807,
    157410.6791249998,
    34924.56554199755,
    277969.30245799944,
    185337.37829200178,
    203265.98408399895,
    553688.6203329973,
    169947.70124999806
  ],
  "confidenceSamples": [
    5.75,
    5.75,
    5.25,
    5.25,
    5.25,
    5.25,
    5.25,
    5.25,
    5.25,
    5.25,
    5.25,
    5.25,
    5.25,
    5.25,
    5.25,
    5.25,
    5.25,
    5.25,
    5.25,
    5.25,
    5.25,
    4.25,
    5.25,
    5.25,
    5.25,
    5.25,
    5.25,
    5.25,
    4.75,
    5.25,
    5.25,
    4,
    4.75,
    4.25,
    5.25,
    5.25,
    5.25,
    4.75,
    5.25,
    5.25,
    5.25,
    5.25,
    5.25,
    5.25,
    5.25,
    5.25,
    5.25,
    4.25,
    4.75,
    5.25,
    5.25,
    5.25,
    5.75,
    4.75,
    4.25,
    5.25,
    5.25,
    5.25,
    5.25,
    5.25,
    5.25,
    5.25,
    5.25,
    5.25,
    5.25,
    4.25,
    5.25,
    4.75,
    5.25,
    5.25,
    5.25,
    5.25,
    5.25,
    5.25,
    4.25,
    5.25,
    5.25,
    5.25,
    5.25,
    5.25,
    4.25,
    5.25,
    4,
    5.25,
    5.25,
    4,
    5.25,
    4.75,
    5.25,
    5.25,
    5.25,
    4.75,
    5.25,
    5.25,
    5.25,
    4.5,
    5.25,
    4.25,
    5.25,
    5.25,
    4.5,
    5.25,
    5.25,
    4.75,
    4.75,
    5.25,
    4.75,
    4.5,
    5.25,
    5.25,
    5.25,
    5.25,
    5.25,
    5.25,
    5.25,
    4.25,
    5.25,
    5.25,
    5.25,
    5.25,
    5.25,
    5.25,
    5.25,
    5.25,
    4.25,
    5.25,
    4.75,
    5.25,
    5.25,
    5.75,
    5.25,
    5.25,
    5.25,
    5.25,
    5.25,
    5.25,
    4.25,
    5.25,
    5.25,
    5.25,
    5.25,
    5.25,
    5.25,
    4.75,
    5.25,
    5.25,
    5.25,
    5.75,
    5.25,
    5.25,
    5.25,
    5.25,
    5.25,
    5.25,
    5.25,
    4.25,
    5.25,
    4.75,
    5.25,
    5.25,
    5.25,
    5.25,
    5.25,
    5.25,
    5.25,
    5.25,
    4.25,
    4.75,
    5.25,
    5.25,
    4.5,
    5.25,
    5.25,
    4.75,
    5.25,
    5.25,
    5.25,
    5.25,
    5.25,
    4.25,
    5.25,
    5.25,
    5.25,
    5.25,
    5.75,
    5.25
  ],
  "pdfModelMissingCounts": []
}