{
  "counters": {
    "docsQueued": 1492,
    "docsProcessed": 825,
    "docsErrored": 407,
    "ocrTimeouts": 42,
    "ocrFailures": 365,
    "apiErrorsUser": 0,
    "apiErrorsExternal": 0,
    "apiErrorsSystem": 0,
    "pdfModelsBuilt": 0,
    "ocrQueueWaitSamples": 1339,
    "ocrQueueWait_lt1s": 1338,
    "ocrQueueWait_ge15s": 1
  },
  "extractionLatencyMs": [
    92198.063375,
    117244.00141699999,
    44930.15416600002,
    246405.76679200004,
    70845.56554099999,
    91843.37308300001,
    156485.351166,
    119657.12783300004,
    96790.66687500005,
    54103.52937500004,
    87447.14329199994,
    114326.827667,
    101377.97166599997,
    51824.506417000084,
    73778.63533299998,
    49869.936916999985,
    65430.906582999974,
    41611.00779099995,
    41737.63908300002,
    36146.68991700001,
    34012.97112500004,
    20590.126624999917,
    11512.118000000017,
    26698.80470800004,
    21907.585957999923,
    32447.550333999912,
    10681.417040999979,
    13689.115250000032,
    17792.89520800009,
    104168.61412500001,
    116473.409041,
    117619.50541700001,
    44582.23679200001,
    244279.259541,
    76520.72320900002,
    93176.78100000002,
    159627.447208,
    116005.56950000004,
    92433.89000000001,
    91048.91399999999,
    55450.15499999991,
    43469.27133300004,
    98824.10999999999,
    79431.820833,
    48328.93066700001,
    67065.28445799998,
    48904.380874999915,
    42935.41237500007,
    42251.993833999964,
    36887.460083999904,
    35202.74000000011,
    21272.593832999934,
    27595.374542000005,
    10575.447249999968,
    21296.248666999978,
    33947.03099999996,
    11891.381667000009,
    14337.462624999927,
    16956.335625000065,
    10171.437875000061,
    14936.543042000034,
    89550.97008300014,
    98437.29679200053,
    102123.56591700017,
    40492.14020800032,
    220980.25250000134,
    71515.33704200014,
    82502.52441699989,
    146711.17237499915,
    102631.24695799872,
    81556.4339999985,
    83006.86449999921,
    48361.00058299862,
    41825.158624999225,
    86762.07474999875,
    70448.62129199877,
    42709.57833399996,
    44998.43249999918,
    59078.24237500131,
    39231.22512499988,
    39432.46466699988,
    33733.249665999785,
    32183.985500000417,
    20119.070250000805,
    24224.156999999657,
    8794.271082999185,
    19646.79483400099,
    29858.741708001122,
    10001.61100000143,
    12632.217250000685,
    16563.946999998763,
    101042.89683299999,
    104256.705709,
    118886.799583,
    45702.40045800002,
    83178.388958,
    251281.18504200003,
    94294.55950000003,
    158355.44279199996,
    116486.79987499997,
    93651.46474999993,
    52834.18995799997,
    120246.82325000002,
    110450.74216700008,
    43440.85970800009,
    78951.43883399991,
    49174.37816700002,
    90114.4402500001,
    108456.54858299997,
    82101.552791,
    81168.99708300002,
    69841.47049999994,
    65993.49050000007,
    43111.470000000205,
    53607.09829199989,
    20261.899833000032,
    44374.647082999814,
    64057.02600000007,
    21938.542832999956,
    27086.75745799998,
    34794.52462500008,
    31049.585790999932,
    17360.201791000087,
    171055.45004100027,
    170949.6384589998,
    186478.60479099955,
    80326.92112500034,
    301267.29891599994,
    139513.64924999978,
    85195.16020799987,
    253467.5234579998,
    105360.35987500008,
    92147.5865419996,
    92499.90529200016,
    53060.775999999605,
    43449.835541000124,
    110905.55233399989,
    72098.69816600019,
    42248.44879100006,
    61798.19195900019,
    44935.461624999996,
    39981.00562500022,
    41365.44687499991,
    34888.424374999944,
    33570.338833000045,
    21372.498124999925,
    11457.66849999968,
    25318.06533299992,
    21326.130625000224,
    31619.710666999687,
    10662.801291999873,
    13438.352500000037,
    17667.01354199974,
    71796.865541,
    100043.50300000003,
    127889.522,
    47028.766249999986,
    256616.61008299998,
    77783.82945800008,
    101639.193875,
    161500.02783299994,
    123903.32416700001,
    101555.02858299995,
    59455.584040999995,
    91917.12112500006,
    124458.57125000004,
    113668.513959,
    41417.34062500007,
    79241.05279099988,
    51979.62562499987,
    50265.889916999964,
    46768.166582999984,
    38500.82379200007,
    44136.987375000026,
    23868.843832999934,
    34660.271959000034,
    12217.743292000145,
    27146.954666999867,
    23893.366124999942,
    33947.513125000056,
    11430.166916999966,
    14144.02241700003,
    18323.039124999894,
    15848.614499999909,
    37.79799999995157,
    17.939458000008017,
    15.04300000006333,
    12.713624999858439,
    26.792542000301182,
    14.487375000026077,
    17.797582999803126,
    11.935417000204325,
    15.832874999847263,
    23.390583000145853,
    13.495707999914885,
    16.820874999742955,
    19.50366699974984,
    12.149083999916911,
    15.308458999730647,
    15.533999999985099,
    13.469874999951571,
    13.449333999771625,
    17.293583000078797,
    14.321541000157595,
    14.301499999593943,
    17.34479200001806,
    19.203125,
    11.603957999963313,
    16707.064375000016,
    52403.17891700001,
    63647.29441700003,
    35277.46295800002,
    18824.034250000026,
    91852.40416699997,
    118257.170958,
    9677.624540999997,
    27369.611334000016,
    95492.820541,
    113338.64929199999,
    20708.726707999944,
    37577.648999999976,
    32629.24208399991,
    41782.72562499996,
    54533.657540999935,
    37721.62699999998,
    25792.901500000036,
    50236.79599999997,
    45549.607582999975,
    26247.46279199992,
    66122.1831250001,
    87783.55325,
    41434.893999999855,
    44787.51245799987,
    47237.12441599998,
    15880.249667000026,
    21939.089042000007,
    6036.664667000063,
    57656.51408399991,
    77643.73154199985,
    41147.5839170001,
    12629.230750000104,
    41973.835708,
    52024.80754099996,
    28397.499249999877,
    14992.171041999944,
    973410.878083,
    952482.2331670001,
    978507.8790839999,
    978508.2831250001,
    965039.4725409998,
    965039.6817080001,
    546268.9917919999,
    546269.3616249999,
    40221.262875000015,
    63642.59375,
    48129.6547079999,
    32667.843917000107,
    22081.48929199949,
    44746.02387500089,
    40898.23466700036,
    22359.303499999456,
    59890.73466699943,
    80473.12637500092,
    37285.69299999997,
    37106.47716700006,
    39513.37991700042,
    14066.67745800037,
    19552.64970800001,
    73332.61074999999,
    49070.83779200073,
    134928.83241700009,
    12664.348916999996,
    48636.84400000051,
    65844.55258299969,
    52352.339749999344,
    28619.800416999497,
    14992.792750000022,
    77756.44070900045,
    98928.79124999978,
    8300.291709000245,
    24157.371166000143,
    83892.55304200016,
    99897.18533400074,
    18502.290334000252,
    33910.40829200018,
    30240.376459000632,
    38519.72166599985,
    48778.78970799968,
    33203.43354200013,
    22602.4457910005,
    45647.31125000026,
    41602.3323749993,
    22784.330500000156,
    61233.60312499944,
    81902.14495899994,
    37739.23574999999,
    37437.03270799946,
    39773.83470800053,
    14155.233457999304,
    19690.929082999937,
    4996.201999999583,
    49583.67641600035,
    67198.2322920002,
    7309.606499999994,
    27005.174750000006,
    34740.839624999964,
    19228.868916999956,
    11118.77462500002,
    44367.787709,
    59912.84725000005,
    5606.777624999988,
    14044.231458999973,
    25562.552790999995,
    34005.70649999997,
    11580.167000000016,
    23037.12466599996,
    18070.68391600001,
    21915.64525,
    31761.079165999952,
    22776.148749999993,
    15797.015041999985,
    24589.415125,
    20626.16991700005,
    12366.439041999984,
    18689.322291000048,
    30491.388666999992,
    22248.038458000054,
    23497.604458999936,
    25103.127875000006,
    10020.330957999919,
