{
  "summary": {
    "total_files": 1,
    "total_pages": 1,
    "total_time_s": 0.44463137500000005,
    "avg_throughput_pages_per_s": 2.249054061918145,
    "avg_confidence": 0.9783767329321967,
    "avg_chars_per_page": 247,
    "avg_lines_per_page": 9,
    "low_confidence_rate": 0.0,
    "avg_cer": 0.11827956989247312,
    "avg_wer": 0.11827956989247312,
    "avg_char_accuracy": 0.8817204301075269,
    "model_info": {
      "engine": "RapidOCR",
      "version": "1.3.24",
      "backend": "onnxruntime",
      "preprocessing": "enhanced"
    }
  },
  "results": [
    {
      "filename": "smoke_test.png",
      "pages": 1,
      "total_time_ms": 444.63137500000005,
      "per_page_time_ms": 444.63137500000005,
      "preprocessing_time_ms": 7.063125000000003,
      "inference_time_ms": 426.00195900000006,
      "total_chars": 247,
      "total_lines": 9,
      "avg_confidence": 0.9783767329321967,
      "min_confidence": 0.9492633938789368,
      "max_confidence": 0.9962508082389832,
      "low_conf_lines": 0,
      "character_accuracy": 0.8817204301075269,
      "word_accuracy": 0.8817204301075269,
      "cer": 0.11827956989247312,
      "wer": 0.11827956989247312,
      "ground_truth_chars": 283
    }
  ]
}